id,firstname,lastname,email,phone
patient-000,Mark Rhoss Borruel,de Leon,mark_deleon@hotmail.com,(966) 895-0534
patient-001,John,Doe,john.doe@example.com,(213) 555-0101
patient-002,Jane,Smith,jane.smith@example.com,(310) 555-0142
patient-003,Alice,Johnson,alice.johnson@example.com,(415) 555-0183
patient-004,Bob,Brown,bob.brown@example.com,(408) 555-0124
patient-005,Charlie,Davis,charlie.davis@example.com,(650) 555-0165
patient-006,Antonio,Davis,antonio.davis@example.com,(510) 555-0106
patient-007,Magic,Johnson,magic.johnson@example.com,(619) 555-0147
patient-008,Joe,Smith,joe.smith@example.com,(858) 555-0188
patient-009,Jane,Doe,jane.doe@example.com,(714) 555-0129
patient-010,Bob,Dylan,bob.dylan@example.com,(949) 555-0170
patient-011,Liam,Anderson,liam.anderson@example.com,(818) 555-0111
patient-012,Olivia,Martinez,olivia.martinez@example.com,(626) 555-0152
patient-013,Noah,Taylor,noah.taylor@example.com,(661) 555-0193
patient-014,Emma,Wilson,emma.wilson@example.com,(805) 555-0134
patient-015,James,Thomas,james.thomas@example.com,(916) 555-0175
patient-016,Sophia,Jackson,sophia.jackson@example.com,(209) 555-0116
patient-017,Elijah,White,elijah.white@example.com,(559) 555-0157
patient-018,Isabella,Harris,isabella.harris@example.com,(760) 555-0198
patient-019,Oliver,Clark,oliver.clark@example.com,(951) 555-0139
patient-020,Mia,Lewis,mia.lewis@example.com,(707) 555-0180
patient-021,Lucas,Robinson,lucas.robinson@example.com,(831) 555-0121
patient-022,Charlotte,Walker,charlotte.walker@example.com,(530) 555-0162
patient-023,Mason,Hall,mason.hall@example.com,(213) 555-0203
patient-024,Amelia,Allen,amelia.allen@example.com,(310) 555-0244
patient-025,Ethan,Young,ethan.young@example.com,(415) 555-0285
patient-026,Harper,Hernandez,harper.hernandez@example.com,(408) 555-0226
patient-027,Aiden,King,aiden.king@example.com,(650) 555-0267
patient-028,Evelyn,Wright,evelyn.wright@example.com,(510) 555-0208
patient-029,Logan,Lopez,logan.lopez@example.com,(619) 555-0249
patient-030,Abigail,Hill,abigail.hill@example.com,(858) 555-0290
patient-031,Jackson,Scott,jackson.scott@example.com,(714) 555-0231
patient-032,Ella,Green,ella.green@example.com,(949) 555-0272
patient-033,Sebastian,Adams,sebastian.adams@example.com,(818) 555-0213
patient-034,Scarlett,Baker,scarlett.baker@example.com,(626) 555-0254
patient-035,Carter,Gonzalez,carter.gonzalez@example.com,(661) 555-0295
patient-036,Grace,Nelson,grace.nelson@example.com,(805) 555-0236
patient-037,Wyatt,Carter,wyatt.carter@example.com,(916) 555-0277
patient-038,Chloe,Mitchell,chloe.mitchell@example.com,(209) 555-0218
patient-039,Dylan,Perez,dylan.perez@example.com,(559) 555-0259
patient-040,Zoey,Roberts,zoey.roberts@example.com,(760) 555-0300
patient-041,Henry,Turner,henry.turner@example.com,(951) 555-0341
patient-042,Lily,Phillips,lily.phillips@example.com,(707) 555-0382
patient-043,Alexander,Campbell,alexander.campbell@example.com,(831) 555-0323
patient-044,Aurora,Parker,aurora.parker@example.com,(530) 555-0364
patient-045,Daniel,Evans,daniel.evans@example.com,(213) 555-0305
patient-046,Penelope,Edwards,penelope.edwards@example.com,(310) 555-0346
patient-047,Matthew,Collins,matthew.collins@example.com,(415) 555-0387
patient-048,Riley,Stewart,riley.stewart@example.com,(408) 555-0328
patient-049,Joseph,Sanchez,joseph.sanchez@example.com,(650) 555-0369
patient-050,Layla,Morris,layla.morris@example.com,(510) 555-0310
patient-051,David,Rogers,david.rogers@example.com,(619) 555-0351
patient-052,Nora,Reed,nora.reed@example.com,(858) 555-0392
patient-053,Samuel,Cook,samuel.cook@example.com,(714) 555-0333
patient-054,Luna,Morgan,luna.morgan@example.com,(949) 555-0374
patient-055,Owen,Bell,owen.bell@example.com,(818) 555-0415
patient-056,Eleanor,Murphy,eleanor.murphy@example.com,(626) 555-0456
patient-057,Gabriel,Bailey,gabriel.bailey@example.com,(661) 555-0497
patient-058,Hannah,Rivera,hannah.rivera@example.com,(805) 555-0438
patient-059,Julian,Cooper,julian.cooper@example.com,(916) 555-0479
patient-060,Lillian,Richardson,lillian.richardson@example.com,(209) 555-0420
patient-061,Levi,Cox,levi.cox@example.com,(559) 555-0461
patient-062,Addison,Howard,addison.howard@example.com,(760) 555-0402
patient-063,Isaac,Ward,isaac.ward@example.com,(951) 555-0443
patient-064,Stella,Torres,stella.torres@example.com,(707) 555-0484
patient-065,Anthony,Peterson,anthony.peterson@example.com,(831) 555-0425
patient-066,Violet,Gray,violet.gray@example.com,(530) 555-0466
patient-067,Lincoln,Ramirez,lincoln.ramirez@example.com,(213) 555-0507
patient-068,Savannah,James,savannah.james@example.com,(310) 555-0548
patient-069,Hudson,Watson,hudson.watson@example.com,(415) 555-0589
patient-070,Hazel,Brooks,hazel.brooks@example.com,(408) 555-0520
patient-071,Caleb,Kelly,caleb.kelly@example.com,(650) 555-0561
patient-072,Ellie,Sanders,ellie.sanders@example.com,(510) 555-0502
patient-073,Ezra,Price,ezra.price@example.com,(619) 555-0543
patient-074,Paisley,Bennett,paisley.bennett@example.com,(858) 555-0584
patient-075,Nathan,Wood,nathan.wood@example.com,(714) 555-0525
patient-076,Naomi,Barnes,naomi.barnes@example.com,(949) 555-0566
patient-077,Ryan,Ross,ryan.ross@example.com,(818) 555-0607
patient-078,Camila,Henderson,camila.henderson@example.com,(626) 555-0648
patient-079,Aaron,Coleman,aaron.coleman@example.com,(661) 555-0689
patient-080,Audrey,Jenkins,audrey.jenkins@example.com,(805) 555-0620
patient-081,Eli,Perry,eli.perry@example.com,(916) 555-0661
patient-082,Leah,Powell,leah.powell@example.com,(209) 555-0602
patient-083,Connor,Long,connor.long@example.com,(559) 555-0643
patient-084,Skylar,Patterson,skylar.patterson@example.com,(760) 555-0684
patient-085,Jeremiah,Hughes,jeremiah.hughes@example.com,(951) 555-0725
patient-086,Aubrey,Flores,aubrey.flores@example.com,(707) 555-0766
patient-087,Nolan,Washington,nolan.washington@example.com,(831) 555-0707
patient-088,Bella,Butler,bella.butler@example.com,(530) 555-0748
patient-089,Hunter,Simmons,hunter.simmons@example.com,(213) 555-0789
patient-090,Claire,Foster,claire.foster@example.com,(310) 555-0820
patient-091,Christian,Gonzales,christian.gonzales@example.com,(415) 555-0861
patient-092,Ariana,Bryant,ariana.bryant@example.com,(408) 555-0802
patient-093,Jaxon,Alexander,jaxon.alexander@example.com,(619) 555-0843
patient-094,Willow,Russell,willow.russell@example.com,(858) 555-0884
patient-095,Josiah,Griffin,josiah.griffin@example.com,(714) 555-0825
patient-096,Sofia,Diaz,sofia.diaz@example.com,(949) 555-0866
patient-097,Andrew,Hayes,andrew.hayes@example.com,(818) 555-0907
patient-098,Delilah,Myers,delilah.myers@example.com,(626) 555-0948
patient-099,Thomas,Ford,thomas.ford@example.com,(661) 555-0989
patient-100,Nova,Hamilton,nova.hamilton@example.com,(805) 555-0920
